{
    "F1 score": 0.4082644627532367,
    "precision": 0.5294708768991926,
    "recall": 0.4024683221077216
}