{
    "F1 score": 0.6418223505375501,
    "precision": 0.7724233516143759,
    "recall": 0.612094709178285
}