{
    "F1 score": 0.7440652818991098,
    "false_negative": 481,
    "false_positive": 209,
    "precision": 0.8275577557755776,
    "recall": 0.6758760107816711,
    "total_comparisons": 3156,
    "total_negatives": 1672,
    "total_positives": 1484,
    "true_negative": 1463,
    "true_positive": 1003
}