{
    "F1 score": 0.3509104677050934,
    "precision": 0.8400730995073122,
    "recall": 0.2438067273157513
}