{
  "losses": [
    0.004020948774997671,
    0.0029342034945668764,
    0.0020597856121326707,
    0.001485440258472001,
    0.0010904011324100265
  ],
  "metrics": {
    "adjusted_mean_rank": {
      "both": 0.7713836134485279,
      "head": 0.8342330883185487,
      "tail": 0.708534138578507
    },
    "hits_at_k": {
      "both": {
        "avg": {
          "1": 9.103322712790169e-05,
          "3": 0.0005006827492034593,
          "5": 0.0007282658170232135,
          "10": 0.001183431952662722
        },
        "best": {
          "1": 9.103322712790169e-05,
          "3": 0.0005006827492034593,
          "5": 0.0007282658170232135,
          "10": 0.001183431952662722
        },
        "worst": {
          "1": 9.103322712790169e-05,
          "3": 0.0005006827492034593,
          "5": 0.0007282658170232135,
          "10": 0.001183431952662722
        }
      },
      "head": {
        "avg": {
          "1": 0.00018206645425580337,
          "3": 0.0010013654984069185,
          "5": 0.001456531634046427,
          "10": 0.002275830678197542
        },
        "best": {
          "1": 0.00018206645425580337,
          "3": 0.0010013654984069185,
          "5": 0.001456531634046427,
          "10": 0.002275830678197542
        },
        "worst": {
          "1": 0.00018206645425580337,
          "3": 0.0010013654984069185,
          "5": 0.001456531634046427,
          "10": 0.002275830678197542
        }
      },
      "tail": {
        "avg": {
          "1": 0.0,
          "3": 0.0,
          "5": 0.0,
          "10": 9.103322712790169e-05
        },
        "best": {
          "1": 0.0,
          "3": 0.0,
          "5": 0.0,
          "10": 9.103322712790169e-05
        },
        "worst": {
          "1": 0.0,
          "3": 0.0,
          "5": 0.0,
          "10": 9.103322712790169e-05
        }
      }
    },
    "mean_rank": {
      "both": {
        "avg": 33867.52234865726,
        "best": 33867.50673645881,
        "worst": 33867.53796085571
      },
      "head": {
        "avg": 36582.441329085115,
        "best": 36582.426490669095,
        "worst": 36582.456167501135
      },
      "tail": {
        "avg": 31152.603368229404,
        "best": 31152.586982248522,
        "worst": 31152.619754210285
      }
    },
    "mean_reciprocal_rank": {
      "both": {
        "avg": 0.0007975000713790663,
        "best": 0.0007975002386923127,
        "worst": 0.0007974999041860773
      },
      "head": {
        "avg": 0.0013637104764685915,
        "best": 0.0013637106811252573,
        "worst": 0.0013637102719807547
      },
      "tail": {
        "avg": 0.00023128966628954125,
        "best": 0.00023128979625936847,
        "worst": 0.0002312895363914
      }
    }
  },
  "stopper": {
    "best_epoch": 5,
    "best_metric": 0.0015019115237575095,
    "frequency": 5,
    "larger_is_better": true,
    "metric": "hits@10",
    "patience": 20,
    "relative_delta": 0.002,
    "results": [
      0.0015019115237575095
    ],
    "stopped": false
  },
  "times": {
    "evaluation": 8.831119298934937,
    "training": 17.15718698501587
  }
}