{
    "F1 score": 0.6302876480541455,
    "false_negative": 739,
    "false_positive": 135,
    "precision": 0.8465909090909091,
    "recall": 0.5020215633423181,
    "total_comparisons": 3156,
    "total_negatives": 1672,
    "total_positives": 1484,
    "true_negative": 1537,
    "true_positive": 745
}