{
    "F1 score": 0.630666706666648,
    "precision": 0.7762275933177492,
    "recall": 0.5991286945741853
}