{
    "F1 score": 0.6336242895812796,
    "precision": 0.7836574073534213,
    "recall": 0.5967851740383207
}