{
    "F1 score": 0.7666795217894331,
    "false_negative": 490,
    "false_positive": 115,
    "precision": 0.8963029756537421,
    "recall": 0.6698113207547169,
    "total_comparisons": 3156,
    "total_negatives": 1672,
    "total_positives": 1484,
    "true_negative": 1557,
    "true_positive": 994
}